{
	"original":
	{
		"name":"Union",
		"pathToOriginal":"mixture/public/css/less/",
		"originalFileName":"theme",
		"colours":["#75c5b1"]
	},
	"schemes":
	[
		{
			"name":"Green",
			"colours":["#90acaf"]
		},
		{
			"name":"Blue",
			"colours":["#a3bfd3"]
		},
		{
			"name":"Dawn",
			"colours":["#74a2da"]
		},
		{
			"name":"Rose",
			"colours":["#af90a7"]
		},
		{
			"name":"Mauve",
			"colours":["#c290bd"]
		},
		{
			"name":"Chantry",
			"colours":["#d18494"]
		},
		{
			"name":"Brown",
			"colours":["#af9c90"]
		},
		{
			"name":"Brown2",
			"colours":["#c59b75"]
		}
	]
}