{ 
	"options":[
		{
			"buttonText":"Edit Placeholder",
			"modalTitle":"Edit Placeholder",
			"modalIntro":"Edit the placeholder text for this input. Placeholder text appears before the user has started typing.",
			"modalInputLabel":"Placeholder Text:",
			"selector":"input[type='text']",
			"attribute":"placeholder",
			"modalInputIcon":"text"
		},
		{
			"buttonText":"Edit Button Text",
			"modalTitle":"Edit Button Text",
			"modalIntro":"Edit the value for this input. The value is the text that appears on the submit button.",
			"modalInputLabel":"Button Text:",
			"selector":"input[type='submit']",
			"attribute":"value",
			"modalInputIcon":"text"
		},
		{
			"buttonText":"Edit Feed",
			"modalTitle":"Edit Instagram Feed",
			"modalIntro":"Edit the Instagram feed by placing your desired username here.",
			"modalInputLabel":"Username:",
			"selector":".instafeed",
			"attribute":"data-user-name",
			"modalInputIcon":"instagram",
			"sectionControl":"true",
			"refresh":"true"
		},
		{
			"buttonText":"Edit Map Embed",
			"modalTitle":"Edit Map Embed",
			"modalIntro":"Copy the iframe embed code from your mapping provider and paste it here.",
			"modalInputLabel":"Embed Code:",
			"selector":".map-holder > iframe",
			"attribute":"no-src",
			"modalInputIcon":"map-marker",
			"sectionControl":"true"
		}
	]
}